qmof_id,water
qmof-099c53d,0.69
qmof-3b48e5d,0.81
qmof-38471da,0.68
qmof-c3ad823,0.66
qmof-bd9ffd3,0.63
qmof-c3298fb,0.7
qmof-3a9ad54,0.63
qmof-60626cd,0.9
qmof-fa2b07a,0.76
qmof-8325046,0.56
qmof-10b2259,0.62
qmof-912bab6,0.56
qmof-f62972b,0.75
qmof-0bbe221,0.63
qmof-beb185c,0.73
qmof-d192e8d,0.76
qmof-077f6af,0.72
